{
  "DYJetsToLL_M-10to50_TuneCUETP8M1_13TeV-amcatnloFXFX-pythia8": 1218068858941.2656, 
  "DYJetsToLL_M-50_TuneCUETP8M1_13TeV-amcatnloFXFX-pythia8": 1917333834847.914, 
  "QCD_Pt_120to170_TuneCUETP8M1_13TeV_pythia8": 4269901.130954742, 
  "QCD_Pt_170to300_TuneCUETP8M1_13TeV_pythia8": 4681312.0, 
  "QCD_Pt_300to470_TuneCUETP8M1_13TeV_pythia8": 16269288.0, 
  "QCD_Pt_30to50_TuneCUETP8M1_13TeV_pythia8": 8504534.49519062, 
  "QCD_Pt_470to600_TuneCUETP8M1_13TeV_pythia8": 2046161.1322231293, 
  "QCD_Pt_50to80_TuneCUETP8M1_13TeV_pythia8": 8530363.0, 
  "QCD_Pt_600to800_TuneCUETP8M1_13TeV_pythia8": 7945612.0, 
  "QCD_Pt_800to1000_TuneCUETP8M1_13TeV_pythia8": 11910537.781585693, 
  "QCD_Pt_80to120_TuneCUETP8M1_13TeV_pythia8": 5808821.654565811, 
  "SMS-T1qqqq_ctau-0p001_TuneCUETP8M1_13TeV-madgraphMLM-pythia8": 332725.0, 
  "SMS-T1qqqq_ctau-0p01_TuneCUETP8M1_13TeV-madgraphMLM-pythia8": 341229.0, 
  "SMS-T1qqqq_ctau-0p1_TuneCUETP8M1_13TeV-madgraphMLM-pythia8": 352406.0, 
  "SMS-T1qqqq_ctau-100000_TuneCUETP8M1_13TeV-madgraphMLM-pythia8": 281579.0, 
  "SMS-T1qqqq_ctau-10000_TuneCUETP8M1_13TeV-madgraphMLM-pythia8": 378021.0, 
  "SMS-T1qqqq_ctau-1000_TuneCUETP8M1_13TeV-madgraphMLM-pythia8": 348265.0, 
  "SMS-T1qqqq_ctau-100_TuneCUETP8M1_13TeV-madgraphMLM-pythia8": 352473.0, 
  "SMS-T1qqqq_ctau-10_TuneCUETP8M1_13TeV-madgraphMLM-pythia8": 344746.0, 
  "SMS-T1qqqq_ctau-1_TuneCUETP8M1_13TeV-madgraphMLM-pythia8": 349086.0, 
  "ST_s-channel_4f_leptonDecays_13TeV-amcatnlo-pythia8_TuneCUETP8M1": 3370540.7928857803, 
  "ST_t-channel_antitop_4f_inclusiveDecays_13TeV-powhegV2-madspin-pythia8_TuneCUETP8M1": 38811017.0, 
  "ST_t-channel_top_4f_inclusiveDecays_13TeV-powhegV2-madspin-pythia8_TuneCUETP8M1": 67240808.0, 
  "ST_tW_antitop_5f_inclusiveDecays_13TeV-powheg-pythia8_TuneCUETP8M1": 6933094.0, 
  "ST_tW_top_5f_inclusiveDecays_13TeV-powheg-pythia8_TuneCUETP8M1": 6952830.0, 
  "TT_TuneCUETP8M2T4_13TeV-powheg-pythia8-evtgen": 6463426.0, 
  "WToLNu_0J_13TeV-amcatnloFXFX-pythia8": 2851685241464.75, 
  "WToLNu_1J_13TeV-amcatnloFXFX-pythia8": 1759994024744.336, 
  "WToLNu_2J_13TeV-amcatnloFXFX-pythia8": 1102535273282.8906, 
  "WW_TuneCUETP8M1_13TeV-pythia8": 6987234.156860352, 
  "WZ_TuneCUETP8M1_13TeV-pythia8": 2995828.0, 
  "ZZ_TuneCUETP8M1_13TeV-pythia8": 998034.0
}